Name Of Image,Time
Car2.png,2021-07-16 10:13:00.826069
Car3.png,2021-07-16 10:13:00.886079
Car4.png,2021-07-16 10:13:00.952726
Car5.png,2021-07-16 10:13:00.997642
Car5.png,2021-07-16 10:13:01.000641
Car6.png,2021-07-16 10:13:01.046669
Car6.png,2021-07-16 10:13:01.047669
Car7.png,2021-07-16 10:13:01.091695
Car7.png,2021-07-16 10:13:01.092698
Car8.png,2021-07-16 10:13:01.138301
Car8.png,2021-07-16 10:13:01.141701
Car9.png,2021-07-16 10:13:01.185712
Car9.png,2021-07-16 10:13:01.188799
Car10.png,2021-07-16 10:13:01.233919
Car11.png,2021-07-16 10:13:01.283289
Car11.png,2021-07-16 10:13:01.287136
Car13.png,2021-07-16 10:13:01.391922
Car2.png,2021-07-16 10:13:33.480248
Car3.png,2021-07-16 10:13:33.552252
Car4.png,2021-07-16 10:13:33.614166
Car5.png,2021-07-16 10:13:33.666192
Car5.png,2021-07-16 10:13:33.674193
Car6.png,2021-07-16 10:13:33.729480
Car6.png,2021-07-16 10:13:33.736484
Car7.png,2021-07-16 10:13:33.787517
Car7.png,2021-07-16 10:13:33.792518
Car8.png,2021-07-16 10:13:33.851711
Car8.png,2021-07-16 10:13:33.859712
Car9.png,2021-07-16 10:13:33.911716
Car9.png,2021-07-16 10:13:33.919717
Car10.png,2021-07-16 10:13:33.976720
Car11.png,2021-07-16 10:13:34.027735
Car11.png,2021-07-16 10:13:34.037739
Car2.png,2021-07-16 10:14:48.135346
Car3.png,2021-07-16 10:14:48.182363
Car4.png,2021-07-16 10:14:48.246479
Car5.png,2021-07-16 10:14:48.294141
Car6.png,2021-07-16 10:14:48.338799
Car7.png,2021-07-16 10:14:48.384781
Car8.png,2021-07-16 10:14:48.436818
Car9.png,2021-07-16 10:14:48.481222
Car10.png,2021-07-16 10:14:48.524428
Car11.png,2021-07-16 10:14:48.577197
Car12.png,2021-07-16 10:14:48.623028
Car13.png,2021-07-16 10:14:48.671031
